{"resourceType":"CapabilityStatement","id":"IHE.myProfile.client","text":{"status":"additional","div":"<div xmlns=\"http://www.w3.org/1999/xhtml\">\n\t\tCapabilityStatement for Client Actor in the IHE IT Infrastructure Technical Framework Supplement \n\t\t\t<a href=\"http://wiki.ihe.net/index.php/myProfile\">myProfile</a>\n\t\tThe IHE Profile text is Normative, this conformance resource is Informative.\n\t\t</div>"},"url":"http://ihe.net/fhir/CapabilityStatement/capabilitystatement-IHE.myProfile.client","version":"0.2.0","name":"IHE_myProfile_client","title":"IHE myProfile client","status":"active","experimental":false,"date":"2018-04-13","publisher":"IHE International - [Some] domain Group","contact":[{"telecom":[{"system":"other","value":"some url"}]}],"description":"CapabilityStatement for Client Actor in the IHE IT Infrastructure Technical Framework Supplement IHE myProfile. See http://wiki.ihe.net/index.php/myProfile. The IHE Profile text is Normative, this conformance resource is Informative.","jurisdiction":[{"coding":[{"system":"http://unstats.un.org/unsd/methods/m49/m49.htm","code":"001"}]}],"copyright":"IHE http://www.ihe.net/Governance/#Intellectual_Property","kind":"requirements","fhirVersion":"4.0.1","format":["application/fhir+xml","application/fhir+json"],"rest":[{"mode":"client","documentation":"PDQm client will query for Patient resources matching a sub-set of the FHIR core Patient resource query parameters","security":{"cors":false,"description":"None mandated by IHE, encouraged IHE-IUA or SMART-on-FHIR"},"resource":[{"type":"Patient","interaction":[{"code":"read"},{"code":"search-type"}],"searchParam":[{"name":"_id","definition":"http://hl7.org/fhir/SearchParameter/Patient-_id","type":"token","documentation":"Logical id of this artifact"},{"name":"active","definition":"http://hl7.org/fhir/SearchParameter/Patient-active","type":"token","documentation":"Whether the patient record is active"},{"name":"address-city","definition":"http://hl7.org/fhir/SearchParameter/Patient-address-city","type":"string","documentation":"A city specified in an address"},{"name":"address-country","definition":"http://hl7.org/fhir/SearchParameter/Patient-address-country","type":"string","documentation":"A country specified in an address"},{"name":"address-postalcode","definition":"http://hl7.org/fhir/SearchParameter/Patient-address-postalcode","type":"string","documentation":"A postalCode specified in an address"},{"name":"address-state","definition":"http://hl7.org/fhir/SearchParameter/Patient-address-state","type":"string","documentation":"A state specified in an address"},{"name":"birthdate","definition":"http://hl7.org/fhir/SearchParameter/Patient-birthdate","type":"date","documentation":"The patient's date of birth"},{"name":"family","definition":"http://hl7.org/fhir/SearchParameter/Patient-family","type":"string","documentation":"A portion of the family name of the patient"},{"name":"gender","definition":"http://hl7.org/fhir/SearchParameter/Patient-gender","type":"token","documentation":"Gender of the patient"},{"name":"given","definition":"http://hl7.org/fhir/SearchParameter/Patient-given","type":"string","documentation":"A portion of the given name of the patient"},{"name":"identifier","definition":"http://hl7.org/fhir/SearchParameter/Patient-identifier","type":"token","documentation":"A patient identifier"},{"name":"telecom","definition":"http://hl7.org/fhir/SearchParameter/Patient-telecom","type":"token","documentation":"The value in any kind of telecom details of the patient"},{"name":"_lastUpdated","definition":"http://hl7.org/fhir/SearchParameter/Patient-_lastUpdated","type":"date","documentation":"When the resource version last changed"}]}],"interaction":[{"code":"search-system"}]}]}