{"resourceType":"ImplementationGuide","id":"ihe.mm.myanmar","text":{"status":"extensions","div":"<div xmlns=\"http://www.w3.org/1999/xhtml\"><h2>IHEfooBarNameHere</h2><p>The official URL for this implementation guide is: </p><pre>http://ihe.net/fhir/uv/ihe-supplement/ImplementationGuide/ihe.uv.ihe-supplement</pre><div><p>A brief description of what MyIG is about (probably the same text as in your readme)</p>\n</div></div>"},"url":"http://ihe.net/fhir/uv/ihe-supplement/ImplementationGuide/ihe.uv.ihe-supplement","version":"0.2.0","name":"IHEfooBarNameHere","title":"Your User Friendly Name for FooBar Here","status":"draft","experimental":false,"date":"2021-01-22T15:27:52-06:00","publisher":"IHE International - [Some] domain Group","contact":[{"telecom":[{"system":"other","value":"some url"}]}],"description":"A brief description of what MyIG is about (probably the same text as in your readme)","jurisdiction":[{"coding":[{"system":"http://unstats.un.org/unsd/methods/m49/m49.htm","code":"001"}]}],"packageId":"example.fhir.uv.ihe-supplement","license":"CC0-1.0","fhirVersion":["4.0.1"],"definition":{"extension":[{"extension":[{"url":"code","valueString":"releaselabel"},{"url":"value","valueString":"CI Build"}],"url":"http://hl7.org/fhir/tools/StructureDefinition/ig-parameter"},{"extension":[{"url":"code","valueString":"copyrightyear"},{"url":"value","valueString":"2019+"}],"url":"http://hl7.org/fhir/tools/StructureDefinition/ig-parameter"},{"extension":[{"url":"code","valueString":"autoload-resources"},{"url":"value","valueString":"true"}],"url":"http://hl7.org/fhir/tools/StructureDefinition/ig-parameter"},{"extension":[{"url":"code","valueString":"path-liquid"},{"url":"value","valueString":"template/liquid"}],"url":"http://hl7.org/fhir/tools/StructureDefinition/ig-parameter"},{"extension":[{"url":"code","valueString":"path-liquid"},{"url":"value","valueString":"input/liquid"}],"url":"http://hl7.org/fhir/tools/StructureDefinition/ig-parameter"},{"extension":[{"url":"code","valueString":"path-qa"},{"url":"value","valueString":"temp/qa"}],"url":"http://hl7.org/fhir/tools/StructureDefinition/ig-parameter"},{"extension":[{"url":"code","valueString":"path-temp"},{"url":"value","valueString":"temp/pages"}],"url":"http://hl7.org/fhir/tools/StructureDefinition/ig-parameter"},{"extension":[{"url":"code","valueString":"path-output"},{"url":"value","valueString":"output"}],"url":"http://hl7.org/fhir/tools/StructureDefinition/ig-parameter"},{"extension":[{"url":"code","valueString":"path-suppressed-warnings"},{"url":"value","valueString":"input/ignoreWarnings.txt"}],"url":"http://hl7.org/fhir/tools/StructureDefinition/ig-parameter"},{"extension":[{"url":"code","valueString":"path-history"},{"url":"value","valueString":"http://ihe.net/fhir/uv/ihe-supplement/history.html"}],"url":"http://hl7.org/fhir/tools/StructureDefinition/ig-parameter"},{"extension":[{"url":"code","valueString":"template-html"},{"url":"value","valueString":"template-page.html"}],"url":"http://hl7.org/fhir/tools/StructureDefinition/ig-parameter"},{"extension":[{"url":"code","valueString":"template-md"},{"url":"value","valueString":"template-page-md.html"}],"url":"http://hl7.org/fhir/tools/StructureDefinition/ig-parameter"},{"extension":[{"url":"code","valueString":"apply-contact"},{"url":"value","valueString":"true"}],"url":"http://hl7.org/fhir/tools/StructureDefinition/ig-parameter"},{"extension":[{"url":"code","valueString":"apply-context"},{"url":"value","valueString":"true"}],"url":"http://hl7.org/fhir/tools/StructureDefinition/ig-parameter"},{"extension":[{"url":"code","valueString":"apply-copyright"},{"url":"value","valueString":"true"}],"url":"http://hl7.org/fhir/tools/StructureDefinition/ig-parameter"},{"extension":[{"url":"code","valueString":"apply-jurisdiction"},{"url":"value","valueString":"true"}],"url":"http://hl7.org/fhir/tools/StructureDefinition/ig-parameter"},{"extension":[{"url":"code","valueString":"apply-license"},{"url":"value","valueString":"true"}],"url":"http://hl7.org/fhir/tools/StructureDefinition/ig-parameter"},{"extension":[{"url":"code","valueString":"apply-publisher"},{"url":"value","valueString":"true"}],"url":"http://hl7.org/fhir/tools/StructureDefinition/ig-parameter"},{"extension":[{"url":"code","valueString":"apply-version"},{"url":"value","valueString":"true"}],"url":"http://hl7.org/fhir/tools/StructureDefinition/ig-parameter"},{"extension":[{"url":"code","valueString":"active-tables"},{"url":"value","valueString":"true"}],"url":"http://hl7.org/fhir/tools/StructureDefinition/ig-parameter"}],"grouping":[{"id":"_dyn_capabilitystatement","name":"Behavior: Capability Statements","description":"The following artifacts define the specific capabilities that different types of systems are expected to have in order to comply with this implementation guide.  Systems conforming to this implementation guide are expected to declare conformance to one or more of the following capability statements."},{"id":"_str_profile","name":"Structures: Resource Profiles","description":"These define constraints on FHIR resources for systems conforming to this implementation guide"},{"id":"_str_extension","name":"Structures: Extension Definitions","description":"These define constraints on FHIR data types for systems conforming to this implementation guide"},{"id":"_term_valueset","name":"Terminology: Value Sets","description":"These define sets of codes used by systems conforming to this implementation guide"},{"id":"_other","name":"Other","description":"These are resources that are used within this implementation guide that do not fit into one of the other categories"}],"resource":[{"extension":[{"url":"http://hl7.org/fhir/StructureDefinition/implementationguide-page","valueUri":"CapabilityStatement-IHE.myProfile.client.html"}],"reference":{"reference":"CapabilityStatement/IHE.myProfile.client"},"name":"IHE myProfile client","description":"CapabilityStatement for Client Actor in the IHE IT Infrastructure Technical Framework Supplement IHE myProfile. See http://wiki.ihe.net/index.php/myProfile. The IHE Profile text is Normative, this conformance resource is Informative.","groupingId":"_dyn_capabilitystatement"},{"extension":[{"url":"http://hl7.org/fhir/StructureDefinition/implementationguide-page","valueUri":"CapabilityStatement-IHE.myProfile.server.html"}],"reference":{"reference":"CapabilityStatement/IHE.myProfile.server"},"name":"IHE myProfile Server","description":"CapabilityStatement for Server Actor in the IHE IT Infrastructure Technical Framework Supplement IHE myProfile. See http://wiki.ihe.net/index.php/myProfile. The IHE Profile text is Normative, this conformance resource is Informative.","groupingId":"_dyn_capabilitystatement"},{"extension":[{"url":"http://hl7.org/fhir/StructureDefinition/implementationguide-page","valueUri":"Encounter-example.html"}],"reference":{"reference":"Encounter/example"},"groupingId":"_other"},{"extension":[{"url":"http://hl7.org/fhir/StructureDefinition/implementationguide-page","valueUri":"Observation-ex-IHE-FooBar-bloodPressure-0.html"}],"reference":{"reference":"Observation/ex-IHE-FooBar-bloodPressure-0"},"groupingId":"_other"},{"extension":[{"url":"http://hl7.org/fhir/StructureDefinition/implementationguide-page","valueUri":"Observation-ex-weight-stone.html"}],"reference":{"reference":"Observation/ex-weight-stone"},"groupingId":"_other"},{"extension":[{"url":"http://hl7.org/fhir/StructureDefinition/implementationguide-page","valueUri":"Observation-ex-weight.html"}],"reference":{"reference":"Observation/ex-weight"},"groupingId":"_other"},{"extension":[{"url":"http://hl7.org/fhir/StructureDefinition/implementationguide-page","valueUri":"Patient-9b284fd5-b7a8-4cc8-bc1c-bc5563d698b0.html"}],"reference":{"reference":"Patient/9b284fd5-b7a8-4cc8-bc1c-bc5563d698b0"},"groupingId":"_other"},{"extension":[{"url":"http://hl7.org/fhir/StructureDefinition/implementationguide-page","valueUri":"Patient-ex-patient.html"}],"reference":{"reference":"Patient/ex-patient"},"groupingId":"_other"},{"extension":[{"url":"http://hl7.org/fhir/StructureDefinition/implementationguide-page","valueUri":"StructureDefinition-BirthSex.html"}],"reference":{"reference":"StructureDefinition/BirthSex"},"name":"The patient sex at birth","groupingId":"_str_extension"},{"extension":[{"url":"http://hl7.org/fhir/StructureDefinition/implementationguide-page","valueUri":"StructureDefinition-IHE.FooBar.bloodPressure.html"}],"reference":{"reference":"StructureDefinition/IHE.FooBar.bloodPressure"},"name":"IHE FooBar Blood Pressure Observation","description":"A profile on the Observation that declares how FooBar will Create/Update blood pressure measurements.\r\n* must have vital-signs category\r\n* must have LOINC#55284-4 code AND LOINC#8716-3\r\n* must have effectiveDateTime\r\n* must not have a value[x]\r\n* must have two components\r\n* must have systolic and diastolic component values in mm[Hg]\r\n* may have a heart-rate component\r\n* may have a position component\r\n* must have status at final\r\n* must point at the patient\r\n* may have a note (comment)\r\n* once created will or might have an id, versionId, lastUpdated, text, and identifier","groupingId":"_str_profile"},{"extension":[{"url":"http://hl7.org/fhir/StructureDefinition/implementationguide-page","valueUri":"StructureDefinition-IHE.FooBar.bodyWeight.html"}],"reference":{"reference":"StructureDefinition/IHE.FooBar.bodyWeight"},"name":"IHE FooBar BodyWeight Observation","description":"A profile on the Observation that declares how FooBar will Create/Update for body weight measurements.","groupingId":"_str_profile"},{"extension":[{"url":"http://hl7.org/fhir/StructureDefinition/implementationguide-page","valueUri":"StructureDefinition-MyanmarPatient.html"}],"reference":{"reference":"StructureDefinition/MyanmarPatient"},"name":"Constraints for Myanmar Patient","description":"As a specific requirement, the IPS patient data model will be extended to mandate the following to be persisted, and required if known: \r\n\r\nPatient’s full legal name, date of birth, place of birth, and sex at birth (stored in the gender element) \r\n\r\nExisting ID numbers (e.g. national ID number, driving license number, local clinic ID number(s), etc., where available) \r\n\r\nPatient’s mother’s full legal name, which will be maintained in the patient.link.other data element as a RelatedPerson of type NMTH (natural mother). This field will be required if known, whether she be alive or dead, and will support demographic lookup. \r\n\r\nAs a mandatory CR behaviour, the patient.id shall be a globally unique ID (GUID) and the “MOH-assigned” unique health ID shall be of the format 1NN-NNN-NNNN-C where N is an integer and C is a checksum digit. This MOH-assigned ID shall be persisted in the patient.identifier element with MOH denoted as the assigning authority. For context, it is expected that the MOH-assigned identifier would match the identifier (e.g. barcoded unique ID) that appears on a health card where these may be issued by MOH.  \r\n\r\nIn cases where a unique ID is established for an individual but no ID card is issued at the time of establishing the ID, the patient.id (the GUID) shall be persisted as the patient.identifier. This temporary patient.identifier shall be overwritten by the MOH-issued unique ID at the time a card is issued to the individual. This behaviour is intended to support situations where persons need to be set up with a unique ID but where it is not possible to issue them a card at the time their demographic record is created. \r\n\r\nThe CR shall also maintain and persist any and all locally-assigned IDs in the patient.identifier element (e.g. a locally unique medical records number created by a care facility). In these cases, the assigning authority shall be identified using the MOH-assigned care delivery organization’s org ID. These org IDs shall match valid organization.id records (see ILR-FR, below).","groupingId":"_str_profile"},{"extension":[{"url":"http://hl7.org/fhir/StructureDefinition/implementationguide-page","valueUri":"ValueSet-ihe-foobar-blood-pressure-positions.html"}],"reference":{"reference":"ValueSet/ihe-foobar-blood-pressure-positions"},"name":"The methods of measurement for blood pressure","description":"These are the loinc body positions that IHE FooBar supports on blood pressure.","groupingId":"_term_valueset"},{"extension":[{"url":"http://hl7.org/fhir/StructureDefinition/implementationguide-page","valueUri":"ValueSet-ValuesetBirthsex.html"}],"reference":{"reference":"ValueSet/ValuesetBirthsex"},"groupingId":"_term_valueset"}],"page":{"nameUrl":"toc.html","title":"Table of Contents","generation":"html","page":[{"nameUrl":"index.html","title":"FooBar Home Page","generation":"markdown"},{"nameUrl":"1_overview.html","title":"Overview","generation":"markdown","page":[{"nameUrl":"2_actors_and_transactions.html","title":"Actors and Transactions","generation":"markdown"},{"nameUrl":"3_security_considerations.html","title":"Security and Privacy Considerations","generation":"markdown"},{"nameUrl":"4_grouping.html","title":"Grouping Considerations","generation":"markdown"},{"nameUrl":"5_testplan.html","title":"Test Plan Considerations","generation":"markdown"},{"nameUrl":"a_issues.html","title":"Open and Closed Considerations","generation":"markdown"}]},{"nameUrl":"domain-Y.html","title":"Transaction Y","generation":"markdown"},{"nameUrl":"artifacts.html","title":"Artifacts Summary","generation":"html","page":[{"nameUrl":"CapabilityStatement-IHE.myProfile.client.html","title":"IHE myProfile client","generation":"generated"},{"nameUrl":"CapabilityStatement-IHE.myProfile.server.html","title":"IHE myProfile Server","generation":"generated"},{"nameUrl":"StructureDefinition-IHE.FooBar.bloodPressure.html","title":"IHE FooBar Blood Pressure Observation","generation":"generated"},{"nameUrl":"StructureDefinition-IHE.FooBar.bodyWeight.html","title":"IHE FooBar BodyWeight Observation","generation":"generated"},{"nameUrl":"StructureDefinition-MyanmarPatient.html","title":"Constraints for Myanmar Patient","generation":"generated"},{"nameUrl":"StructureDefinition-BirthSex.html","title":"The patient sex at birth","generation":"generated"},{"nameUrl":"ValueSet-ihe-foobar-blood-pressure-positions.html","title":"The methods of measurement for blood pressure","generation":"generated"},{"nameUrl":"ValueSet-ValuesetBirthsex.html","generation":"generated"},{"nameUrl":"Encounter-example.html","generation":"generated"},{"nameUrl":"Observation-ex-IHE-FooBar-bloodPressure-0.html","generation":"generated"},{"nameUrl":"Observation-ex-weight-stone.html","generation":"generated"},{"nameUrl":"Observation-ex-weight.html","generation":"generated"},{"nameUrl":"Patient-9b284fd5-b7a8-4cc8-bc1c-bc5563d698b0.html","generation":"generated"},{"nameUrl":"Patient-ex-patient.html","generation":"generated"}]}]},"parameter":[{"code":"path-resource","value":"input/capabilities"},{"code":"path-resource","value":"input/examples"},{"code":"path-resource","value":"input/extensions"},{"code":"path-resource","value":"input/models"},{"code":"path-resource","value":"input/operations"},{"code":"path-resource","value":"input/profiles"},{"code":"path-resource","value":"input/resources"},{"code":"path-resource","value":"input/vocabulary"},{"code":"path-resource","value":"input/maps"},{"code":"path-resource","value":"input/testing"},{"code":"path-resource","value":"input/history"},{"code":"path-resource","value":"fsh-generated/resources"},{"code":"path-pages","value":"template/config"},{"code":"path-pages","value":"input/images"},{"code":"path-tx-cache","value":"input-cache/txcache"}]}}