<?xml version="1.0" encoding="UTF-8"?><ImplementationGuide xmlns="http://hl7.org/fhir"><id value="ihe.mm.myanmar"/><text><status value="extensions"/><div xmlns="http://www.w3.org/1999/xhtml"><h2>IHEfooBarNameHere</h2><p>The official URL for this implementation guide is: </p><pre>http://ihe.net/fhir/uv/ihe-supplement/ImplementationGuide/ihe.uv.ihe-supplement</pre><div><p>A brief description of what MyIG is about (probably the same text as in your readme)</p>
</div></div></text><url value="http://ihe.net/fhir/uv/ihe-supplement/ImplementationGuide/ihe.uv.ihe-supplement"/><version value="0.2.0"/><name value="IHEfooBarNameHere"/><title value="Your User Friendly Name for FooBar Here"/><status value="draft"/><experimental value="false"/><date value="2021-01-22T15:27:52-06:00"/><publisher value="IHE International - [Some] domain Group"/><contact><telecom><system value="other"/><value value="some url"/></telecom></contact><description value="A brief description of what MyIG is about (probably the same text as in your readme)"/><jurisdiction><coding><system value="http://unstats.un.org/unsd/methods/m49/m49.htm"/><code value="001"/></coding></jurisdiction><packageId value="example.fhir.uv.ihe-supplement"/><license value="CC0-1.0"/><fhirVersion value="4.0.1"/><definition><extension url="http://hl7.org/fhir/tools/StructureDefinition/ig-parameter"><extension url="code"><valueString value="releaselabel"/></extension><extension url="value"><valueString value="CI Build"/></extension></extension><extension url="http://hl7.org/fhir/tools/StructureDefinition/ig-parameter"><extension url="code"><valueString value="copyrightyear"/></extension><extension url="value"><valueString value="2019+"/></extension></extension><extension url="http://hl7.org/fhir/tools/StructureDefinition/ig-parameter"><extension url="code"><valueString value="autoload-resources"/></extension><extension url="value"><valueString value="true"/></extension></extension><extension url="http://hl7.org/fhir/tools/StructureDefinition/ig-parameter"><extension url="code"><valueString value="path-liquid"/></extension><extension url="value"><valueString value="template/liquid"/></extension></extension><extension url="http://hl7.org/fhir/tools/StructureDefinition/ig-parameter"><extension url="code"><valueString value="path-liquid"/></extension><extension url="value"><valueString value="input/liquid"/></extension></extension><extension url="http://hl7.org/fhir/tools/StructureDefinition/ig-parameter"><extension url="code"><valueString value="path-qa"/></extension><extension url="value"><valueString value="temp/qa"/></extension></extension><extension url="http://hl7.org/fhir/tools/StructureDefinition/ig-parameter"><extension url="code"><valueString value="path-temp"/></extension><extension url="value"><valueString value="temp/pages"/></extension></extension><extension url="http://hl7.org/fhir/tools/StructureDefinition/ig-parameter"><extension url="code"><valueString value="path-output"/></extension><extension url="value"><valueString value="output"/></extension></extension><extension url="http://hl7.org/fhir/tools/StructureDefinition/ig-parameter"><extension url="code"><valueString value="path-suppressed-warnings"/></extension><extension url="value"><valueString value="input/ignoreWarnings.txt"/></extension></extension><extension url="http://hl7.org/fhir/tools/StructureDefinition/ig-parameter"><extension url="code"><valueString value="path-history"/></extension><extension url="value"><valueString value="http://ihe.net/fhir/uv/ihe-supplement/history.html"/></extension></extension><extension url="http://hl7.org/fhir/tools/StructureDefinition/ig-parameter"><extension url="code"><valueString value="template-html"/></extension><extension url="value"><valueString value="template-page.html"/></extension></extension><extension url="http://hl7.org/fhir/tools/StructureDefinition/ig-parameter"><extension url="code"><valueString value="template-md"/></extension><extension url="value"><valueString value="template-page-md.html"/></extension></extension><extension url="http://hl7.org/fhir/tools/StructureDefinition/ig-parameter"><extension url="code"><valueString value="apply-contact"/></extension><extension url="value"><valueString value="true"/></extension></extension><extension url="http://hl7.org/fhir/tools/StructureDefinition/ig-parameter"><extension url="code"><valueString value="apply-context"/></extension><extension url="value"><valueString value="true"/></extension></extension><extension url="http://hl7.org/fhir/tools/StructureDefinition/ig-parameter"><extension url="code"><valueString value="apply-copyright"/></extension><extension url="value"><valueString value="true"/></extension></extension><extension url="http://hl7.org/fhir/tools/StructureDefinition/ig-parameter"><extension url="code"><valueString value="apply-jurisdiction"/></extension><extension url="value"><valueString value="true"/></extension></extension><extension url="http://hl7.org/fhir/tools/StructureDefinition/ig-parameter"><extension url="code"><valueString value="apply-license"/></extension><extension url="value"><valueString value="true"/></extension></extension><extension url="http://hl7.org/fhir/tools/StructureDefinition/ig-parameter"><extension url="code"><valueString value="apply-publisher"/></extension><extension url="value"><valueString value="true"/></extension></extension><extension url="http://hl7.org/fhir/tools/StructureDefinition/ig-parameter"><extension url="code"><valueString value="apply-version"/></extension><extension url="value"><valueString value="true"/></extension></extension><extension url="http://hl7.org/fhir/tools/StructureDefinition/ig-parameter"><extension url="code"><valueString value="active-tables"/></extension><extension url="value"><valueString value="true"/></extension></extension><grouping id="_dyn_capabilitystatement"><name value="Behavior: Capability Statements"/><description value="The following artifacts define the specific capabilities that different types of systems are expected to have in order to comply with this implementation guide.  Systems conforming to this implementation guide are expected to declare conformance to one or more of the following capability statements."/></grouping><grouping id="_str_profile"><name value="Structures: Resource Profiles"/><description value="These define constraints on FHIR resources for systems conforming to this implementation guide"/></grouping><grouping id="_str_extension"><name value="Structures: Extension Definitions"/><description value="These define constraints on FHIR data types for systems conforming to this implementation guide"/></grouping><grouping id="_term_valueset"><name value="Terminology: Value Sets"/><description value="These define sets of codes used by systems conforming to this implementation guide"/></grouping><grouping id="_other"><name value="Other"/><description value="These are resources that are used within this implementation guide that do not fit into one of the other categories"/></grouping><resource><extension url="http://hl7.org/fhir/StructureDefinition/implementationguide-page"><valueUri value="CapabilityStatement-IHE.myProfile.client.html"/></extension><reference><reference value="CapabilityStatement/IHE.myProfile.client"/></reference><name value="IHE myProfile client"/><description value="CapabilityStatement for Client Actor in the IHE IT Infrastructure Technical Framework Supplement IHE myProfile. See http://wiki.ihe.net/index.php/myProfile. The IHE Profile text is Normative, this conformance resource is Informative."/><groupingId value="_dyn_capabilitystatement"/></resource><resource><extension url="http://hl7.org/fhir/StructureDefinition/implementationguide-page"><valueUri value="CapabilityStatement-IHE.myProfile.server.html"/></extension><reference><reference value="CapabilityStatement/IHE.myProfile.server"/></reference><name value="IHE myProfile Server"/><description value="CapabilityStatement for Server Actor in the IHE IT Infrastructure Technical Framework Supplement IHE myProfile. See http://wiki.ihe.net/index.php/myProfile. The IHE Profile text is Normative, this conformance resource is Informative."/><groupingId value="_dyn_capabilitystatement"/></resource><resource><extension url="http://hl7.org/fhir/StructureDefinition/implementationguide-page"><valueUri value="Encounter-example.html"/></extension><reference><reference value="Encounter/example"/></reference><groupingId value="_other"/></resource><resource><extension url="http://hl7.org/fhir/StructureDefinition/implementationguide-page"><valueUri value="Observation-ex-IHE-FooBar-bloodPressure-0.html"/></extension><reference><reference value="Observation/ex-IHE-FooBar-bloodPressure-0"/></reference><groupingId value="_other"/></resource><resource><extension url="http://hl7.org/fhir/StructureDefinition/implementationguide-page"><valueUri value="Observation-ex-weight-stone.html"/></extension><reference><reference value="Observation/ex-weight-stone"/></reference><groupingId value="_other"/></resource><resource><extension url="http://hl7.org/fhir/StructureDefinition/implementationguide-page"><valueUri value="Observation-ex-weight.html"/></extension><reference><reference value="Observation/ex-weight"/></reference><groupingId value="_other"/></resource><resource><extension url="http://hl7.org/fhir/StructureDefinition/implementationguide-page"><valueUri value="Patient-9b284fd5-b7a8-4cc8-bc1c-bc5563d698b0.html"/></extension><reference><reference value="Patient/9b284fd5-b7a8-4cc8-bc1c-bc5563d698b0"/></reference><groupingId value="_other"/></resource><resource><extension url="http://hl7.org/fhir/StructureDefinition/implementationguide-page"><valueUri value="Patient-ex-patient.html"/></extension><reference><reference value="Patient/ex-patient"/></reference><groupingId value="_other"/></resource><resource><extension url="http://hl7.org/fhir/StructureDefinition/implementationguide-page"><valueUri value="StructureDefinition-BirthSex.html"/></extension><reference><reference value="StructureDefinition/BirthSex"/></reference><name value="The patient sex at birth"/><groupingId value="_str_extension"/></resource><resource><extension url="http://hl7.org/fhir/StructureDefinition/implementationguide-page"><valueUri value="StructureDefinition-IHE.FooBar.bloodPressure.html"/></extension><reference><reference value="StructureDefinition/IHE.FooBar.bloodPressure"/></reference><name value="IHE FooBar Blood Pressure Observation"/><description value="A profile on the Observation that declares how FooBar will Create/Update blood pressure measurements.&#xD;&#xA;* must have vital-signs category&#xD;&#xA;* must have LOINC#55284-4 code AND LOINC#8716-3&#xD;&#xA;* must have effectiveDateTime&#xD;&#xA;* must not have a value[x]&#xD;&#xA;* must have two components&#xD;&#xA;* must have systolic and diastolic component values in mm[Hg]&#xD;&#xA;* may have a heart-rate component&#xD;&#xA;* may have a position component&#xD;&#xA;* must have status at final&#xD;&#xA;* must point at the patient&#xD;&#xA;* may have a note (comment)&#xD;&#xA;* once created will or might have an id, versionId, lastUpdated, text, and identifier"/><groupingId value="_str_profile"/></resource><resource><extension url="http://hl7.org/fhir/StructureDefinition/implementationguide-page"><valueUri value="StructureDefinition-IHE.FooBar.bodyWeight.html"/></extension><reference><reference value="StructureDefinition/IHE.FooBar.bodyWeight"/></reference><name value="IHE FooBar BodyWeight Observation"/><description value="A profile on the Observation that declares how FooBar will Create/Update for body weight measurements."/><groupingId value="_str_profile"/></resource><resource><extension url="http://hl7.org/fhir/StructureDefinition/implementationguide-page"><valueUri value="StructureDefinition-MyanmarPatient.html"/></extension><reference><reference value="StructureDefinition/MyanmarPatient"/></reference><name value="Constraints for Myanmar Patient"/><description value="As a specific requirement, the IPS patient data model will be extended to mandate the following to be persisted, and required if known: &#xD;&#xA;&#xD;&#xA;Patient&#x2019;s full legal name, date of birth, place of birth, and sex at birth (stored in the gender element) &#xD;&#xA;&#xD;&#xA;Existing ID numbers (e.g. national ID number, driving license number, local clinic ID number(s), etc., where available) &#xD;&#xA;&#xD;&#xA;Patient&#x2019;s mother&#x2019;s full legal name, which will be maintained in the patient.link.other data element as a RelatedPerson of type NMTH (natural mother). This field will be required if known, whether she be alive or dead, and will support demographic lookup. &#xD;&#xA;&#xD;&#xA;As a mandatory CR behaviour, the patient.id shall be a globally unique ID (GUID) and the &#x201C;MOH-assigned&#x201D; unique health ID shall be of the format 1NN-NNN-NNNN-C where N is an integer and C is a checksum digit. This MOH-assigned ID shall be persisted in the patient.identifier element with MOH denoted as the assigning authority. For context, it is expected that the MOH-assigned identifier would match the identifier (e.g. barcoded unique ID) that appears on a health card where these may be issued by MOH.  &#xD;&#xA;&#xD;&#xA;In cases where a unique ID is established for an individual but no ID card is issued at the time of establishing the ID, the patient.id (the GUID) shall be persisted as the patient.identifier. This temporary patient.identifier shall be overwritten by the MOH-issued unique ID at the time a card is issued to the individual. This behaviour is intended to support situations where persons need to be set up with a unique ID but where it is not possible to issue them a card at the time their demographic record is created. &#xD;&#xA;&#xD;&#xA;The CR shall also maintain and persist any and all locally-assigned IDs in the patient.identifier element (e.g. a locally unique medical records number created by a care facility). In these cases, the assigning authority shall be identified using the MOH-assigned care delivery organization&#x2019;s org ID. These org IDs shall match valid organization.id records (see ILR-FR, below)."/><groupingId value="_str_profile"/></resource><resource><extension url="http://hl7.org/fhir/StructureDefinition/implementationguide-page"><valueUri value="ValueSet-ihe-foobar-blood-pressure-positions.html"/></extension><reference><reference value="ValueSet/ihe-foobar-blood-pressure-positions"/></reference><name value="The methods of measurement for blood pressure"/><description value="These are the loinc body positions that IHE FooBar supports on blood pressure."/><groupingId value="_term_valueset"/></resource><resource><extension url="http://hl7.org/fhir/StructureDefinition/implementationguide-page"><valueUri value="ValueSet-ValuesetBirthsex.html"/></extension><reference><reference value="ValueSet/ValuesetBirthsex"/></reference><groupingId value="_term_valueset"/></resource><page><nameUrl value="toc.html"/><title value="Table of Contents"/><generation value="html"/><page><nameUrl value="index.html"/><title value="FooBar Home Page"/><generation value="markdown"/></page><page><nameUrl value="1_overview.html"/><title value="Overview"/><generation value="markdown"/><page><nameUrl value="2_actors_and_transactions.html"/><title value="Actors and Transactions"/><generation value="markdown"/></page><page><nameUrl value="3_security_considerations.html"/><title value="Security and Privacy Considerations"/><generation value="markdown"/></page><page><nameUrl value="4_grouping.html"/><title value="Grouping Considerations"/><generation value="markdown"/></page><page><nameUrl value="5_testplan.html"/><title value="Test Plan Considerations"/><generation value="markdown"/></page><page><nameUrl value="a_issues.html"/><title value="Open and Closed Considerations"/><generation value="markdown"/></page></page><page><nameUrl value="domain-Y.html"/><title value="Transaction Y"/><generation value="markdown"/></page><page><nameUrl value="artifacts.html"/><title value="Artifacts Summary"/><generation value="html"/><page><nameUrl value="CapabilityStatement-IHE.myProfile.client.html"/><title value="IHE myProfile client"/><generation value="generated"/></page><page><nameUrl value="CapabilityStatement-IHE.myProfile.server.html"/><title value="IHE myProfile Server"/><generation value="generated"/></page><page><nameUrl value="StructureDefinition-IHE.FooBar.bloodPressure.html"/><title value="IHE FooBar Blood Pressure Observation"/><generation value="generated"/></page><page><nameUrl value="StructureDefinition-IHE.FooBar.bodyWeight.html"/><title value="IHE FooBar BodyWeight Observation"/><generation value="generated"/></page><page><nameUrl value="StructureDefinition-MyanmarPatient.html"/><title value="Constraints for Myanmar Patient"/><generation value="generated"/></page><page><nameUrl value="StructureDefinition-BirthSex.html"/><title value="The patient sex at birth"/><generation value="generated"/></page><page><nameUrl value="ValueSet-ihe-foobar-blood-pressure-positions.html"/><title value="The methods of measurement for blood pressure"/><generation value="generated"/></page><page><nameUrl value="ValueSet-ValuesetBirthsex.html"/><generation value="generated"/></page><page><nameUrl value="Encounter-example.html"/><generation value="generated"/></page><page><nameUrl value="Observation-ex-IHE-FooBar-bloodPressure-0.html"/><generation value="generated"/></page><page><nameUrl value="Observation-ex-weight-stone.html"/><generation value="generated"/></page><page><nameUrl value="Observation-ex-weight.html"/><generation value="generated"/></page><page><nameUrl value="Patient-9b284fd5-b7a8-4cc8-bc1c-bc5563d698b0.html"/><generation value="generated"/></page><page><nameUrl value="Patient-ex-patient.html"/><generation value="generated"/></page></page></page><parameter><code value="path-resource"/><value value="input/capabilities"/></parameter><parameter><code value="path-resource"/><value value="input/examples"/></parameter><parameter><code value="path-resource"/><value value="input/extensions"/></parameter><parameter><code value="path-resource"/><value value="input/models"/></parameter><parameter><code value="path-resource"/><value value="input/operations"/></parameter><parameter><code value="path-resource"/><value value="input/profiles"/></parameter><parameter><code value="path-resource"/><value value="input/resources"/></parameter><parameter><code value="path-resource"/><value value="input/vocabulary"/></parameter><parameter><code value="path-resource"/><value value="input/maps"/></parameter><parameter><code value="path-resource"/><value value="input/testing"/></parameter><parameter><code value="path-resource"/><value value="input/history"/></parameter><parameter><code value="path-resource"/><value value="fsh-generated/resources"/></parameter><parameter><code value="path-pages"/><value value="template/config"/></parameter><parameter><code value="path-pages"/><value value="input/images"/></parameter><parameter><code value="path-tx-cache"/><value value="input-cache/txcache"/></parameter></definition></ImplementationGuide>