<?xml version="1.0" encoding="UTF-8"?><ValueSet xmlns="http://hl7.org/fhir"><id value="ValuesetBirthsex"/><text><status value="generated"/><div xmlns="http://www.w3.org/1999/xhtml"><ul><li>Include all codes defined in <a href="https://terminology.hl7.org/1.0.0//CodeSystem-v3-AdministrativeGender.html"><code>http://terminology.hl7.org/CodeSystem/v3-AdministrativeGender</code></a></li></ul></div></text><url value="https://profiles.ihe.net/myanmar/ValueSet/ValuesetBirthsex"/><version value="0.2.0"/><name value="ValuesetBirthsex"/><status value="active"/><date value="2021-01-26T12:03:47-06:00"/><publisher value="IHE International - [Some] domain Group"/><contact><telecom><system value="other"/><value value="some url"/></telecom></contact><jurisdiction><coding><system value="http://unstats.un.org/unsd/methods/m49/m49.htm"/><code value="001"/></coding></jurisdiction><compose><include><system value="http://terminology.hl7.org/CodeSystem/v3-AdministrativeGender"/></include></compose></ValueSet>