{
  "resourceType" : "Bundle",
  "id" : "afbff044-5afa-4941-aa31-11ec07a551e8",
  "meta" : {
    "lastUpdated" : "2021-01-22T15:27:52.165-06:00"
  },
  "type" : "collection",
  "entry" : [{
    "fullUrl" : "https://profiles.ihe.net/myanmar/ValueSet/ihe-foobar-blood-pressure-positions",
    "resource" : {
      "resourceType" : "ValueSet",
      "id" : "ihe-foobar-blood-pressure-positions",
      "text" : {
        "status" : "generated",
        "div" : "<div xmlns=\"http://www.w3.org/1999/xhtml\"><p>This value set contains 4 concepts</p><p style=\"border: black 1px dotted; background-color: #EEEEEE; padding: 8px; margin-bottom: 8px\">Expansion based on Loinc v2.68</p><p>All codes from system <code>http://loinc.org</code></p><table class=\"codes\"><tr><td style=\"white-space:nowrap\"><b>Code</b></td><td><b>Display</b></td></tr><tr><td style=\"white-space:nowrap\"><a name=\"http---loinc.org-69000-8\"> </a><a href=\"http://details.loinc.org/LOINC/69000-8.html\">69000-8</a></td><td>Heart rate - sitting</td></tr><tr><td style=\"white-space:nowrap\"><a name=\"http---loinc.org-69001-6\"> </a><a href=\"http://details.loinc.org/LOINC/69001-6.html\">69001-6</a></td><td>Heart rate - standing</td></tr><tr><td style=\"white-space:nowrap\"><a name=\"http---loinc.org-68999-2\"> </a><a href=\"http://details.loinc.org/LOINC/68999-2.html\">68999-2</a></td><td>Heart rate - supine</td></tr><tr><td style=\"white-space:nowrap\"><a name=\"http---loinc.org-40443-4\"> </a><a href=\"http://details.loinc.org/LOINC/40443-4.html\">40443-4</a></td><td>Heart rate - resting</td></tr></table></div>"
      },
      "url" : "https://profiles.ihe.net/myanmar/ValueSet/ihe-foobar-blood-pressure-positions",
      "version" : "0.2.0",
      "name" : "IheFooBarBloodPressurePositions",
      "title" : "The methods of measurement for blood pressure",
      "status" : "active",
      "date" : "2021-01-22T15:27:52-06:00",
      "publisher" : "IHE International - [Some] domain Group",
      "contact" : [{
        "telecom" : [{
          "system" : "other",
          "value" : "some url"
        }]
      }],
      "description" : "These are the loinc body positions that IHE FooBar supports on blood pressure.",
      "jurisdiction" : [{
        "coding" : [{
          "system" : "http://unstats.un.org/unsd/methods/m49/m49.htm",
          "code" : "001"
        }]
      }],
      "expansion" : {
        "identifier" : "urn:uuid:bfc6cb72-b4e8-4ab4-b1b2-c360600b5091",
        "timestamp" : "2021-01-22T15:28:35-06:00",
        "total" : 4,
        "parameter" : [{
          "name" : "excludeNested",
          "valueBoolean" : false
        },
        {
          "name" : "limitedExpansion",
          "valueBoolean" : true
        },
        {
          "name" : "version",
          "valueString" : "http://loinc.org|2.68"
        }],
        "contains" : [{
          "system" : "http://loinc.org",
          "code" : "69000-8",
          "display" : "Heart rate - sitting"
        },
        {
          "system" : "http://loinc.org",
          "code" : "69001-6",
          "display" : "Heart rate - standing"
        },
        {
          "system" : "http://loinc.org",
          "code" : "68999-2",
          "display" : "Heart rate - supine"
        },
        {
          "system" : "http://loinc.org",
          "code" : "40443-4",
          "display" : "Heart rate - resting"
        }]
      }
    }
  },
  {
    "fullUrl" : "https://profiles.ihe.net/myanmar/ValueSet/ValuesetBirthsex",
    "resource" : {
      "resourceType" : "ValueSet",
      "id" : "ValuesetBirthsex",
      "text" : {
        "status" : "generated",
        "div" : "<div xmlns=\"http://www.w3.org/1999/xhtml\"><p>This value set contains 3 concepts</p><p style=\"border: black 1px dotted; background-color: #EEEEEE; padding: 8px; margin-bottom: 8px\">Expansion based on <a href=\"https://terminology.hl7.org/1.0.0//CodeSystem-v3-AdministrativeGender.html\">AdministrativeGender v2.0.0 (CodeSystem)</a></p><p>All codes from system <a href=\"https://terminology.hl7.org/1.0.0//CodeSystem-v3-AdministrativeGender.html\"><code>http://terminology.hl7.org/CodeSystem/v3-AdministrativeGender</code></a></p><table class=\"codes\"><tr><td style=\"white-space:nowrap\"><b>Code</b></td><td><b>Display</b></td><td><b>Definition</b></td></tr><tr><td style=\"white-space:nowrap\"><a name=\"http---terminology.hl7.org-CodeSystem-v3-AdministrativeGender-F\"> </a><a href=\"https://terminology.hl7.org/1.0.0//CodeSystem-v3-AdministrativeGender.html#v3-AdministrativeGender-F\">F</a></td><td>Female</td><td>Female</td></tr><tr><td style=\"white-space:nowrap\"><a name=\"http---terminology.hl7.org-CodeSystem-v3-AdministrativeGender-M\"> </a><a href=\"https://terminology.hl7.org/1.0.0//CodeSystem-v3-AdministrativeGender.html#v3-AdministrativeGender-M\">M</a></td><td>Male</td><td>Male</td></tr><tr><td style=\"white-space:nowrap\"><a name=\"http---terminology.hl7.org-CodeSystem-v3-AdministrativeGender-UN\"> </a><a href=\"https://terminology.hl7.org/1.0.0//CodeSystem-v3-AdministrativeGender.html#v3-AdministrativeGender-UN\">UN</a></td><td>Undifferentiated</td><td>En: The gender of a person could not be uniquely defined as male or female, such as intersex. Nl: Het geslacht van een persoon kan niet uniek worden gedefinieerd als man of vrouw, zoals een intersekse-conditie.\r\n\r\n*Open Issue:* This is a short-term stopgap solution to the definition issue, full solutions are being worked out by the Gender Harmony project launched in 2019.</td></tr></table></div>"
      },
      "url" : "https://profiles.ihe.net/myanmar/ValueSet/ValuesetBirthsex",
      "version" : "0.2.0",
      "name" : "ValuesetBirthsex",
      "status" : "active",
      "date" : "2021-01-22T15:27:52-06:00",
      "publisher" : "IHE International - [Some] domain Group",
      "contact" : [{
        "telecom" : [{
          "system" : "other",
          "value" : "some url"
        }]
      }],
      "jurisdiction" : [{
        "coding" : [{
          "system" : "http://unstats.un.org/unsd/methods/m49/m49.htm",
          "code" : "001"
        }]
      }],
      "expansion" : {
        "identifier" : "urn:uuid:f5b1a8e7-f46e-46d7-a913-ac9c3117ce54",
        "timestamp" : "2021-01-22T15:28:36-06:00",
        "total" : 3,
        "parameter" : [{
          "name" : "excludeNested",
          "valueBoolean" : false
        },
        {
          "name" : "version",
          "valueUri" : "http://terminology.hl7.org/CodeSystem/v3-AdministrativeGender|2.0.0"
        }],
        "contains" : [{
          "system" : "http://terminology.hl7.org/CodeSystem/v3-AdministrativeGender",
          "code" : "F",
          "display" : "Female"
        },
        {
          "system" : "http://terminology.hl7.org/CodeSystem/v3-AdministrativeGender",
          "code" : "M",
          "display" : "Male"
        },
        {
          "system" : "http://terminology.hl7.org/CodeSystem/v3-AdministrativeGender",
          "code" : "UN",
          "display" : "Undifferentiated"
        }]
      }
    }
  }]
}