[
  {
    "id": "IHE.myProfile.client",
    "type": "CapabilityStatement",
    "url": "http://ihe.net/fhir/CapabilityStatement/capabilitystatement-IHE.myProfile.client",
    "version": "0.2.0",
    "name": "IHE_myProfile_client"
  },
  {
    "id": "IHE.myProfile.server",
    "type": "CapabilityStatement",
    "url": "http://ihe.net/fhir/CapabilityStatement/capabilitystatement-IHE.myProfile.server",
    "version": "0.2.0",
    "name": "IHE_myProfile_supplier"
  },
  {
    "id": "ihe.mm.myanmar",
    "type": "ImplementationGuide",
    "url": "http://ihe.net/fhir/uv/ihe-supplement/ImplementationGuide/ihe.uv.ihe-supplement",
    "version": "0.2.0",
    "name": "IHEfooBarNameHere"
  },
  {
    "id": "BirthSex",
    "type": "StructureDefinition",
    "url": "https://profiles.ihe.net/myanmar/StructureDefinition/BirthSex",
    "version": "0.2.0",
    "name": "BirthSex"
  },
  {
    "id": "IHE.FooBar.bloodPressure",
    "type": "StructureDefinition",
    "url": "https://profiles.ihe.net/myanmar/StructureDefinition/IHE.FooBar.bloodPressure",
    "version": "0.2.0",
    "name": "FooBarbloodPressure"
  },
  {
    "id": "IHE.FooBar.bodyWeight",
    "type": "StructureDefinition",
    "url": "https://profiles.ihe.net/myanmar/StructureDefinition/IHE.FooBar.bodyWeight",
    "version": "0.2.0",
    "name": "IheFooBarBodyWeight"
  },
  {
    "id": "MyanmarPatient",
    "type": "StructureDefinition",
    "url": "https://profiles.ihe.net/myanmar/StructureDefinition/MyanmarPatient",
    "version": "0.2.0",
    "name": "MyammarPatient"
  },
  {
    "id": "ValuesetBirthsex",
    "type": "ValueSet",
    "url": "https://profiles.ihe.net/myanmar/ValueSet/ValuesetBirthsex",
    "version": "0.2.0",
    "name": "ValuesetBirthsex"
  },
  {
    "id": "ihe-foobar-blood-pressure-positions",
    "type": "ValueSet",
    "url": "https://profiles.ihe.net/myanmar/ValueSet/ihe-foobar-blood-pressure-positions",
    "version": "0.2.0",
    "name": "IheFooBarBloodPressurePositions"
  }
]