<?xml version="1.0" encoding="UTF-8"?>

<Patient xmlns="http://hl7.org/fhir">
  <id value="9b284fd5-b7a8-4cc8-bc1c-bc5563d698b0"/>
  <meta>
    <profile value="https://profiles.ihe.net/myanmar/StructureDefinition/MyanmarPatient"/>
    <security>
      <system value="http://terminology.hl7.org/CodeSystem/v3-ActReason"/>
      <code value="HTEST"/>
    </security>
  </meta>
  <text>
    <status value="extensions"/><div xmlns="http://www.w3.org/1999/xhtml"><p><b>Generated Narrative</b></p><p><b>Mother's Maiden Name</b>: Smith</p><p><b>The patient sex at birth</b>: F</p><p><b>identifier</b>: id: 9b284fd5-b7a8-4cc8-bc1c-bc5563d698b0</p><p><b>name</b>: John Smith , John Jacob Jingle Heimer Schnidt (OLD), John Jacob Jingleheimer Smith (OFFICIAL), Jack Smith (NICKNAME)</p><p><b>gender</b>: other</p><p><b>birthDate</b>: 1923-07-25</p><p><b>address</b>: WI USA </p></div>
  </text>
  <extension url="http://hl7.org/fhir/StructureDefinition/patient-mothersMaidenName">
    <valueString value="Smith"/>
  </extension>
  <extension url="https://profiles.ihe.net/myanmar/StructureDefinition/BirthSex">
    <valueCode value="F"/>
  </extension>
  <identifier>
    <system value="urn:MOH"/>
    <value value="9b284fd5-b7a8-4cc8-bc1c-bc5563d698b0"/>
  </identifier>
  <name>
    <use value="usual"/>
    <family value="Smith"/>
    <given value="John"/>
  </name>
  <name>
    <use value="old"/>
    <family value="Schnidt"/>
    <given value="John"/>
    <given value="Jacob"/>
    <given value="Jingle"/>
    <given value="Heimer"/>
    <period>
      <end value="1960"/>
    </period>
  </name>
  <name>
    <use value="official"/>
    <family value="Smith"/>
    <given value="John"/>
    <given value="Jacob"/>
    <given value="Jingleheimer"/>
    <period>
      <start value="1960-01-01"/>
    </period>
  </name>
  <name>
    <use value="nickname"/>
    <family value="Smith"/>
    <given value="Jack"/>
  </name>
  <gender value="other"/>
  <birthDate value="1923-07-25"/>
  <address>
    <state value="WI"/>
    <country value="USA"/>
  </address>
</Patient>