{
  "resourceType": "Patient",
  "id": "ex-patient",
  "meta": {
    "security": [
      {
        "system": "http://terminology.hl7.org/CodeSystem/v3-ActReason",
        "code": "HTEST"
      }
    ]
  },
  "text": {
    "status": "generated",
    "div": "<div xmlns=\"http://www.w3.org/1999/xhtml\"><p><b>Generated Narrative</b></p><p><b>name</b>: Jack Smith , John Jacob Jingle Heimer Schnidt (OLD), John Jacob Jingleheimer Smith (OFFICIAL)</p><p><b>gender</b>: other</p><p><b>birthDate</b>: 1923-07-25</p><p><b>address</b>: WI USA </p></div>"
  },
  "name": [
    {
      "use": "usual",
      "family": "Smith",
      "given": [
        "Jack"
      ]
    },
    {
      "use": "old",
      "family": "Schnidt",
      "given": [
        "John",
        "Jacob",
        "Jingle",
        "Heimer"
      ],
      "period": {
        "end": "1960"
      }
    },
    {
      "use": "official",
      "family": "Smith",
      "given": [
        "John",
        "Jacob",
        "Jingleheimer"
      ],
      "period": {
        "start": "1960-01-01"
      }
    }
  ],
  "gender": "other",
  "birthDate": "1923-07-25",
  "address": [
    {
      "state": "WI",
      "country": "USA"
    }
  ]
}