{
  "resourceType": "ValueSet",
  "id": "ValuesetBirthsex",
  "text": {
    "status": "generated",
    "div": "<div xmlns=\"http://www.w3.org/1999/xhtml\"><ul><li>Include all codes defined in <a href=\"https://terminology.hl7.org/1.0.0//CodeSystem-v3-AdministrativeGender.html\"><code>http://terminology.hl7.org/CodeSystem/v3-AdministrativeGender</code></a></li></ul></div>"
  },
  "url": "https://profiles.ihe.net/myanmar/ValueSet/ValuesetBirthsex",
  "version": "0.2.0",
  "name": "ValuesetBirthsex",
  "status": "active",
  "date": "2021-01-26T12:03:47-06:00",
  "publisher": "IHE International - [Some] domain Group",
  "contact": [
    {
      "telecom": [
        {
          "system": "other",
          "value": "some url"
        }
      ]
    }
  ],
  "jurisdiction": [
    {
      "coding": [
        {
          "system": "http://unstats.un.org/unsd/methods/m49/m49.htm",
          "code": "001"
        }
      ]
    }
  ],
  "compose": {
    "include": [
      {
        "system": "http://terminology.hl7.org/CodeSystem/v3-AdministrativeGender"
      }
    ]
  }
}