{
  "resourceType": "Patient",
  "id": "9b284fd5-b7a8-4cc8-bc1c-bc5563d698b0",
  "meta": {
    "profile": [
      "https://profiles.ihe.net/myanmar/StructureDefinition/MyanmarPatient"
    ],
    "security": [
      {
        "system": "http://terminology.hl7.org/CodeSystem/v3-ActReason",
        "code": "HTEST"
      }
    ]
  },
  "text": {
    "status": "extensions",
    "div": "<div xmlns=\"http://www.w3.org/1999/xhtml\"><p><b>Generated Narrative</b></p><p><b>Mother's Maiden Name</b>: Smith</p><p><b>The patient sex at birth</b>: F</p><p><b>identifier</b>: id: 9b284fd5-b7a8-4cc8-bc1c-bc5563d698b0</p><p><b>name</b>: John Smith , John Jacob Jingle Heimer Schnidt (OLD), John Jacob Jingleheimer Smith (OFFICIAL), Jack Smith (NICKNAME)</p><p><b>gender</b>: other</p><p><b>birthDate</b>: 1923-07-25</p><p><b>address</b>: WI USA </p></div>"
  },
  "extension": [
    {
      "url": "http://hl7.org/fhir/StructureDefinition/patient-mothersMaidenName",
      "valueString": "Smith"
    },
    {
      "url": "https://profiles.ihe.net/myanmar/StructureDefinition/BirthSex",
      "valueCode": "F"
    }
  ],
  "identifier": [
    {
      "system": "urn:MOH",
      "value": "9b284fd5-b7a8-4cc8-bc1c-bc5563d698b0"
    }
  ],
  "name": [
    {
      "use": "usual",
      "family": "Smith",
      "given": [
        "John"
      ]
    },
    {
      "use": "old",
      "family": "Schnidt",
      "given": [
        "John",
        "Jacob",
        "Jingle",
        "Heimer"
      ],
      "period": {
        "end": "1960"
      }
    },
    {
      "use": "official",
      "family": "Smith",
      "given": [
        "John",
        "Jacob",
        "Jingleheimer"
      ],
      "period": {
        "start": "1960-01-01"
      }
    },
    {
      "use": "nickname",
      "family": "Smith",
      "given": [
        "Jack"
      ]
    }
  ],
  "gender": "other",
  "birthDate": "1923-07-25",
  "address": [
    {
      "state": "WI",
      "country": "USA"
    }
  ]
}